n_inputs,example,avg,run_1,run_2,run_3,run_4,run_5
1,linear,0.185249,0.195935,0.170365,0.168697,0.200208,0.19104
10,linear,1.7491184,1.604498,1.676694,1.869441,1.697588,1.897371
100,linear,15.181053,15.181053,,,,
1000,linear,149.227024,149.227024,,,,
2000,linear,326.6464245,325.882114,327.410735,,,