n_inputs,example,avg
1,luigi,0.0990363
10,luigi,0.5708444
100,luigi,7.1214412
200,luigi,13.5843029
400,luigi,36.9573301
600,luigi,77.2875785
800,luigi,127.2281325
1000,luigi,190.2836947
1200,luigi,267.5381546
1400,luigi,357.0366452
1600,luigi,462.5723360
1800,luigi,572.1155158
2000,luigi,703.1636577
