n_inputs,example,avg,run_1,run_2,run_3,run_4,run_5
1,circuit,0.144803,0.146768,0.166644,0.139122,0.142648,0.128833
10,circuit,1.3444406,1.286038,1.442902,1.201981,1.461784,1.329498
100,circuit,12.0620326,12.329956,11.609808,11.985431,11.660529,12.724439
1000,circuit,115.44489675,115.047280,114.311559,117.303057,115.117691,
2000,circuit,231.9013125,233.246744,230.555881,,,