n_inputs,example,avg,run_1,run_2,run_3,run_4,run_5
1,1corecircuit,0.1719886,0.174080,0.172052,0.168013,0.172991,0.172807
10,1corecircuit,1.6498082,1.718191,1.610640,1.658394,1.626596,1.635220
100,1corecircuit,16.326348,16.326348,,,,
1000,1corecircuit,161.959576,161.959576,,,,
2000,1corecircuit,310.947742,310.947742,,,,